<?xml version="1.0" encoding="UTF-8"?>
    <addon id="repository.Wetek_XMO_Ero" name="XMO Wetek Adult Addons" version="1.0.0" provider-name="XorioN_OzKaradag_Mach1">
        <requires>
            <import addon="xbmc.addon" version="12.0.0"/>
        </requires>
        <extension point="xbmc.addon.repository" name="XMO Wetek Adult Addons">
            <info compressed="false">https://github.com/wetek/RepoWetek/raw/master/addons_Ero/addons.xml</info>
            <checksum>https://github.com/wetek/RepoWetek/raw/master/addons_Ero/addons.xml.md5</checksum>
            <datadir zip="true">https://github.com/wetek/RepoWetek/raw/master/addons_Ero/</datadir>
            <hashes>false</hashes>
        </extension>
        <extension point="xbmc.addon.metadata">
            <summary>WeTek Kodi Adult Eklentileri</summary>
            <description>Wetek Kodi icin bircok eklentiyi bir arada bulabilirsiniz.</description>
            <platform>all</platform>
    </extension>
</addon>