<?xml version="1.0" encoding="UTF-8" standalone="yes"?>
<addon id="service.softcam.mega-oscam"
       name="Mega Oscam"
       version="7.1.11209"
       provider-name="modded byGuRu and megavolt85">
  <requires>
    <import addon="os.openelec.tv" version="5.0"/>
    <import addon="xbmc.python" version="2.1.0"/>

  </requires>
  <extension point="xbmc.service" library="default.py">
    <provides>executable</provides>
  </extension>
  <extension point="xbmc.addon.metadata">
    <summary>Mega Oscam modded byGuRu and megavolt85: OSCam is Open Source Conditional Access Modul.</summary>
    <description>
Mega OSCam svn r11209 emu r728 is Open Source Conditional Access Modul.
modded by GuRu and megavolt85
hdbox.ws
    </description>
    <disclaimer>
using oscam may be illegal in your country. if in doubt, do not install
    </disclaimer>
    <platform>all</platform>
  </extension>
</addon>
