<?xml version="1.0" encoding="UTF-8" standalone="yes"?>
<addon id="service.softcam.wicard"
       name="wicard modded"
       version="1.1.8"
       provider-name="modded byGuRu">
  <requires>
    <import addon="os.openelec.tv" version="5.0"/>
    <import addon="xbmc.python" version="2.1.0"/>

  </requires>
  <extension point="xbmc.service" library="default.py">
    <provides>executable</provides>
  </extension>
  <extension point="xbmc.addon.metadata">
    <summary>wicard_3k_wetek_byGuRu</summary>
    <description>
login = vdr
password = vdr
type = newcamd525
port = 11111
webif
port = 8888
    </description>
    <disclaimer>
using oscam may be illegal in your country. if in doubt, do not install
    </disclaimer>
    <platform>all</platform>
  </extension>
</addon>
