<?xml version="1.0" encoding="UTF-8" standalone="yes"?>
<addon id="service.subtitles.divxplanet"
       name="Divxplanet"
       version="0.0.11"
       provider-name="Koray Al">
  <requires>
    <import addon="xbmc.python" version="2.14.0"/>
    <import addon="script.module.beautifulsoup" version="3.2.1"/>
    <import addon="script.module.mechanize" version="0.2.5"/>
  </requires>
  <extension point="xbmc.subtitle.module"
             library="service.py" />
  <extension point="xbmc.addon.metadata">
    <summary lang="en">Divxplanet Subtitle Service</summary>
    <description lang="en">Kodi Service to download subtitles from Divxplanet</description>
    <language>tr en de</language>
    <platform>all</platform>
    <license>GNU GENERAL PUBLIC LICENSE. Version 2, June 1991</license>
    <forum></forum>
    <website></website>
    <email>admin@koray.al</email>
    <source>https://github.com/korayal/service.subtitles.divxplanet</source>
  </extension>
</addon>
