<?xml version="1.0" encoding="UTF-8" standalone="yes"?>
<addon id="service.system.aml-vnc"
       name="aml-vnc"
       version="6.0.2"
       provider-name="kszaq (kszaquitto at gmail.com)">
  <requires>
    <import addon="os.openelec.tv" version="6.0"/>
    <import addon="xbmc.python" version="2.1.0"/>

  </requires>
  <extension point="xbmc.service" library="default.py">
    <provides></provides>
  </extension>
  <extension point="xbmc.addon.metadata">
    <summary>VNC Server for Amlogic devices</summary>
    <description>
VNC Server for Amlogic devices
    </description>
    <disclaimer>
this is an unofficial addon. please don't ask for support in openelec forum / irc channel
    </disclaimer>
    <platform>all</platform>
  </extension>
</addon>
