<?xml version="1.0" encoding="UTF-8" standalone="yes"?>
<addon id="script.config.vdr"
       name="VDR Configuration"
       version="1.0.2"
       provider-name="OpenELEC">
   <requires>
   	<import addon="xbmc.python" version="2.1.0"/>
  </requires>
  <extension point="xbmc.python.pluginsource" library="default.py">
    <provides>video audio executable</provides>
  </extension>
  <extension point="xbmc.addon.metadata">
    <summary lang="de">VDR channel scan and Diseqc Configuration</summary>
    <description lang="de">VDR channel scan and Diseqc Configuration</description>
    <platform>all</platform>
    <language></language>	
  </extension>
</addon>