<?xml version="1.0" encoding="UTF-8" standalone="yes"?>
<addon id="service.softcam.wicardd"
       name="wicardd1.19 byGuRu"
       version="2.19.11"
       provider-name="hdbox.ws byGuRu">
  <requires>
    <import addon="os.openelec.tv" version="6.0"/>
    <import addon="xbmc.python" version="2.1.0"/>

  </requires>
  <extension point="xbmc.service" library="default.py">
    <provides>executable</provides>
  </extension>
  <extension point="xbmc.addon.metadata">
    <summary>wicardd wetek byGuRu</summary>
    <description>
	DVBAPI - vdr-dvbapi-plugin
	only CAPMT (Linux DVBAPI) need to tvh or vdr
	webif port 8081
	PowerVu
	hdbox.ws
    </description>
    <disclaimer>
using wicardd may be illegal in your country. if in doubt, do not install
hdbox.ws 2016
    </disclaimer>
    <platform>all</platform>
  </extension>
</addon>
