<?xml version="1.0" encoding="UTF-8" standalone="yes"?>
<addon id="repository.unofficial.addon.pro"
                name="[COLOR FF757677]Open[/COLOR][COLOR FF8ABEE2]ELEC[/COLOR] Add-ons (unofficial)"
                version="6.0.2"
                provider-name="OpenELEC Community">
        <extension point="xbmc.addon.repository"
                name="OpenELEC Add-ons (unofficial)">
                <dir minversion="15.0.0">
                    <info>http://unofficial.addon.pro/addons/6.0/WeTek_Play/arm/addons.xml</info>
                    <checksum>http://unofficial.addon.pro/addons/6.0/WeTek_Play/arm/addons.xml.md5</checksum>
                    <datadir zip="true">http://unofficial.addon.pro/addons/6.0/WeTek_Play/arm</datadir>
                </dir>
        </extension>
        <extension point="xbmc.addon.metadata">
                <summary>OpenELEC Add-ons (unofficial)</summary>
                <description>The OpenELEC unofficial repository contains add-ons from the community. These add-ons are not supported by OpenELEC staff. If you find a broken add-on please check the OpenELEC or Kodi forums for community support threads and ask the add-on author to submit fixes via GitHub.</description>
                <disclaimer>Add-ons in this repository are not maintained or supported by OpenELEC staff.</disclaimer>
                <platform>all</platform>
        </extension>
</addon>
