<?xml version="1.0" encoding="UTF-8" standalone="yes"?>
<addon id="plugin.video.wecloud.antenna"
    name="WeCloud Antenna"
    version="1.0.3"
    provider-name="Stefan Saraev  ( TR MOD by thawtes )">
  <requires>
    <import addon="xbmc.python" version="2.14.0"/>
    <import addon="script.module.requests" version="2.4.3"/>
  </requires>
  <extension point="xbmc.python.pluginsource" library="default.py">
    <provides>video</provides>
  </extension>
  <extension point="xbmc.addon.metadata">
    <summary lang="en">WeCloud Antenna ile IPTV</summary>
    <description lang="en">
bu eklentiyi kullanabilmek için WeTeK hesabınızın olması gerekir

https://wetek.com/signup adresinden WeTeK hesabınızı açınız..

http://thawtes.blogspot.com
    </description>
    <disclaimer lang="en">çalışıyor...</disclaimer>
    <platform>all</platform>
    <license>GPLv2</license>
  </extension>
</addon>
