<?xml version="1.0" encoding="UTF-8" standalone="yes"?>
<addon id="service.softcam.wicard"
       name="wicard modded"
       version="1.9.2016"
       provider-name="modded byGuRu and megavolt85">
  <requires>
    <import addon="os.openelec.tv" version="6.0"/>
    <import addon="xbmc.python" version="2.1.0"/>

  </requires>
  <extension point="xbmc.service" library="default.py">
    <provides>executable</provides>
  </extension>
  <extension point="xbmc.addon.metadata">
    <summary>wicard_3ko_wetek_byGuRu megavolt85</summary>
    <description>
	newcam
login = tvh
password = tvh
type = newcamd525
port = 11111
webif
port = 8888
and
dvb-api
wicard_3ko_wetek_byGuRu megavolt85
    </description>
    <disclaimer>
using wicardd may be illegal in your country. if in doubt, do not install
    </disclaimer>
    <platform>all</platform>
  </extension>
</addon>
