<?xml version="1.0" encoding="UTF-8"?>
<scraper framework="1.1" date="2014-07-24">
	<NfoUrl dest="3">
		<RegExp input="$INFO[searchservice]" output="$$16" dest="3">
			<RegExp input="$$1" output="&lt;details&gt;&lt;url cache=&quot;tmdb-$INFO[tmdbsearchlanguage]-\2.json&quot;&gt;http://api.tmdb.org/3/movie/\2?api_key=f7f51775877e0bb6703520952b3c7840&amp;amp;language=$INFO[tmdbsearchlanguage]&lt;/url&gt;&lt;id&gt;\2&lt;/id&gt;&lt;/details&gt;" dest="16">
				<expression clear="yes" noclean="1">(themoviedb.org/movie/)([0-9]*)</expression>
			</RegExp>
			<RegExp input="$$1" output="&lt;details&gt;&lt;url cache=&quot;tmdb-$INFO[tmdbsearchlanguage]-tt\1.json&quot;&gt;http://api.tmdb.org/3/movie/tt\1?api_key=f7f51775877e0bb6703520952b3c7840&amp;amp;language=$INFO[tmdbsearchlanguage]&lt;/url&gt;&lt;id&gt;tt\1&lt;/id&gt;&lt;/details&gt;" dest="16">
				<expression>imdb....?/title/tt([0-9]+)</expression>
			</RegExp>
			<RegExp input="$$1" output="&lt;details&gt;&lt;url cache=&quot;tmdb-$INFO[tmdbsearchlanguage]-tt\1.json&quot;&gt;http://api.tmdb.org/3/movie/tt\1?api_key=f7f51775877e0bb6703520952b3c7840&amp;amp;language=$INFO[tmdbsearchlanguage]&lt;/url&gt;&lt;id&gt;tt\1&lt;/id&gt;&lt;/details&gt;" dest="16">
				<expression>imdb....?/Title\?t{0,2}([0-9]+)</expression>
			</RegExp>
			<expression>themoviedb.org</expression>
		</RegExp>

		<RegExp input="$INFO[searchservice]" output="$$16" dest="3">
			<RegExp input="$$1" output="&lt;url cache=&quot;tt\1-main.html&quot;&gt;http://akas.imdb.com/title/tt\1|accept-language=en-us/&lt;/url&gt;&lt;id&gt;tt\1&lt;/id&gt;" dest="16">
				<expression clear="yes" noclean="1">imdb....?/Title\?([0-9]*)</expression>
			</RegExp>
			<RegExp input="$$1" output="&lt;url cache=&quot;tt\1-main.html&quot;&gt;http://akas.imdb.com/title/tt\1|accept-language=en-us/&lt;/url&gt;&lt;id&gt;tt\1&lt;/id&gt;" dest="16+">
				<expression noclean="1">imdb....?/title/tt([0-9]*)</expression>
			</RegExp>
			<expression>IMDb</expression>
		</RegExp>
	</NfoUrl>
	<CreateSearchUrl dest="3" clearbuffers="no">
		<RegExp input="$INFO[searchservice]" output="$$17" dest="3">
			<RegExp input="$$1" output="&lt;url&gt;http://api.tmdb.org/3/search/movie?api_key=f7f51775877e0bb6703520952b3c7840&amp;amp;query=\1&amp;amp;year=$$4&lt;/url&gt;" dest="17">
				<RegExp input="$$2" output="\1" dest="4">
					<expression clear="yes">(.+)</expression>
				</RegExp>
				<expression noclean="1" />
			</RegExp>
			<expression>themoviedb.org</expression>
		</RegExp>
		<RegExp input="$INFO[searchservice]" output="$$17" dest="3">
			<RegExp input="$$1" output="&lt;url&gt;http://akas.imdb.com/find?q=\1&amp;s=tt|accept-language=en-us&lt;/url&gt;" dest="17">
				<RegExp input="$$2" output="%20(\1)" dest="4">
					<expression clear="yes">(.+)</expression>
				</RegExp>
				<RegExp input="$$1" output="\1" dest="9">
					<expression clear="yes" noclean="1"/>
				</RegExp>
				<expression noclean="1"/>
			</RegExp>
			<expression>IMDb</expression>
		</RegExp>
	</CreateSearchUrl>
	<GetSearchResults dest="8">
		<RegExp input="$INFO[searchservice]" output="$$17" dest="8">
			<RegExp input="$$5" output="&lt;results&gt;\1&lt;/results&gt;" dest="17">
				<RegExp input="$$1" output="&lt;entity&gt;&lt;title&gt;\3&lt;/title&gt;&lt;id&gt;\2&lt;/id&gt;&lt;year&gt;\1&lt;/year&gt;&lt;url cache=&quot;tmdb-$INFO[language]-\2.json&quot;&gt;http://api.tmdb.org/3/movie/\2?api_key=f7f51775877e0bb6703520952b3c7840&amp;amp;language=$INFO[language]&lt;/url&gt;&lt;/entity&gt;" dest="5">
					<expression repeat="yes">&quot;release_date&quot;:&quot;([0-9]+)-.*?&quot;id&quot;:([0-9]*),&quot;original_title&quot;:&quot;[^&quot;]*&quot;,&quot;original_language&quot;:&quot;[^&quot;]*&quot;,&quot;title&quot;:&quot;([^&quot;]*)&quot;</expression>
				</RegExp>
				<RegExp input="$$1" output="&lt;entity&gt;&lt;title&gt;\3&lt;/title&gt;&lt;id&gt;\2&lt;/id&gt;&lt;year&gt;\1&lt;/year&gt;&lt;url cache=&quot;tmdb-$INFO[language]-\2.json&quot;&gt;http://api.tmdb.org/3/movie/\2?api_key=f7f51775877e0bb6703520952b3c7840&amp;amp;language=$INFO[language]&lt;/url&gt;&lt;/entity&gt;" dest="5+">
					<expression repeat="yes">&quot;release_date&quot;:&quot;([0-9]+)-.*?&quot;id&quot;:([0-9]*),&quot;original_title&quot;:&quot;([^&quot;]*)&quot;,&quot;original_language&quot;:&quot;[^&quot;]*&quot;</expression>
				</RegExp>
				<RegExp input="$$1" output="&lt;entity&gt;&lt;title&gt;\2&lt;/title&gt;&lt;id&gt;\1&lt;/id&gt;&lt;url cache=&quot;tmdb-$INFO[language]-\1.json&quot;&gt;http://api.tmdb.org/3/movie/\1?api_key=f7f51775877e0bb6703520952b3c7840&amp;amp;language=$INFO[language]&lt;/url&gt;&lt;/entity&gt;" dest="5+">
					<expression repeat="yes">&quot;release_date&quot;:null.*?&quot;id&quot;:([0-9]*),&quot;original_title&quot;:&quot;([^&quot;]*)&quot;,&quot;original_language&quot;:&quot;[^&quot;]*&quot;</expression>
				</RegExp>
				<expression noclean="1" />
			</RegExp>
			<expression>themoviedb.org</expression>
		</RegExp>
		
		<RegExp input="$INFO[searchservice]" output="$$17" dest="8">
			<RegExp input="$$5" output="&lt;?xml version=&quot;1.0&quot; encoding=&quot;iso-8859-1&quot; standalone=&quot;yes&quot;?&gt;&lt;results&gt;\1&lt;/results&gt;" dest="17">
				<RegExp input="$$1" output="\1" dest="7">
					<expression clear="yes">/title/([t0-9]*)/(combined|faq|releaseinfo|vote)</expression>
				</RegExp>
				<RegExp input="$$1" output="&lt;entity&gt;&lt;title&gt;\1&lt;/title&gt;&lt;year&gt;\2&lt;/year&gt;&lt;url cache=&quot;$$7-main.html&quot;&gt;http://akas.imdb.com/title/$$7|accept-language=en-us/&lt;/url&gt;&lt;id&gt;$$7&lt;/id&gt;&lt;/entity&gt;" dest="5">
					<expression clear="yes" noclean="1">&lt;meta name=&quot;title&quot; content=&quot;(?:&amp;#x22;)?([^&quot;]*?)(?:&amp;#x22;)? \([^\(]*?([0-9]{4})(?:–\s)?\)</expression>
				</RegExp>
				<RegExp input="$$1" output="&lt;entity&gt;&lt;title&gt;\2&lt;/title&gt;&lt;year&gt;\1&lt;/year&gt;&lt;url cache=&quot;$$7-main.html&quot;&gt;http://akas.imdb.com/title/$$7|accept-language=en-us/&lt;/url&gt;&lt;id&gt;$$7&lt;/id&gt;&lt;/entity&gt;" dest="5+">
					<expression fixchars="2" noclean="1">&lt;meta name=&quot;title&quot; content=&quot;(?:&amp;#x22;)?[^&quot;]*?(?:&amp;#x22;)? \([^\(]*?([0-9]{4})(?:–\s)?\).*?Also Known As:&lt;/h4&gt;([^\n]*)</expression>
				</RegExp>
				<RegExp input="$$1" output="\1" dest="4">
					<expression noclean="1">&lt;table class=&quot;findList&quot;(.*?)&lt;/div</expression>
				</RegExp>
				<RegExp conditional="fullimdbsearch" input="$$4" output="&lt;entity&gt;&lt;title&gt;\2&lt;/title&gt;&lt;year&gt;\3&lt;/year&gt;&lt;url cache=&quot;\1-main.html&quot;&gt;http://akas.imdb.com/title/\1/|accept-language=en-us&lt;/url&gt;&lt;id&gt;\1&lt;/id&gt;&lt;/entity&gt;" dest="5+">
					<expression repeat="yes" noclean="1,2">&lt;td\sclass=&quot;result_text&quot;&gt;\s&lt;a\shref=&quot;/title/([t0-9]*)/[^&gt;]*&gt;(?:&amp;#x22;)?([^&lt;]*?)(?:&amp;#x22;)?&lt;/a&gt;\s*(?:\([IV]+\) )?\([^\(]*?([0-9]{4})[^\)]*\)\s(?:\(TV\sMovie\)\s|\(TV\sSpecial\)\s|\(Video\)\s|\(Short\)\s|\(TV\sMini-Series\)\s|\(TV\sSeries\)\s|\(TV\sShort\)\s|\(Short\)\s|\(Short\)\s)?&lt;</expression>
				</RegExp>
				<RegExp conditional="!fullimdbsearch" input="$$4" output="&lt;entity&gt;&lt;title&gt;\2&lt;/title&gt;&lt;year&gt;\3&lt;/year&gt;&lt;url cache=&quot;\1-main.html&quot;&gt;http://akas.imdb.com/title/\1/|accept-language=en-us&lt;/url&gt;&lt;id&gt;\1&lt;/id&gt;&lt;/entity&gt;" dest="5+">
					<expression repeat="yes" noclean="1,2">&lt;td\sclass=&quot;result_text&quot;&gt;\s&lt;a\shref=&quot;/title/([t0-9]*)/[^&gt;]*&gt;(?:&amp;#x22;)?([^&lt;]*?)(?:&amp;#x22;)?&lt;/a&gt;\s*(?:\([IV]+\) )?\([^\(]*?([0-9]{4})[^\)]*\)\s(?:\(TV\sMovie\)\s|\(TV\sSpecial\)\s|\(Video\)\s)?&lt;</expression>
				</RegExp>
				<RegExp input="$$4" output="&lt;entity&gt;&lt;title&gt;\4&lt;/title&gt;&lt;year&gt;\3&lt;/year&gt;&lt;url cache=&quot;\1-main.html&quot;&gt;http://akas.imdb.com/title/\1/|accept-language=en-us&lt;/url&gt;&lt;id&gt;\1&lt;/id&gt;&lt;/entity&gt;" dest="5+">
					<expression repeat="yes" noclean="1,2">&lt;td\sclass=&quot;result_text&quot;&gt;\s&lt;a\shref=&quot;/title/([t0-9]*)/[^&gt;]*&gt;(?:&amp;#x22;)?([^&lt;]*?)(?:&amp;#x22;)?&lt;/a&gt;\s*(?:\([IV]+\) )?\([^\(]*?([0-9]{4})[^\)]*\)\s&lt;br/&gt;aka\s&lt;i&gt;&quot;([^&quot;]*)</expression>
				</RegExp>
				<RegExp input="$INFO[imdbsearchlanguage]" output="&lt;url function=&quot;GetAKASearchResults&quot;&gt;http://akas.imdb.com/find?q=$$9&amp;s=tt|accept-language=$INFO[imdbsearchlanguage]&lt;/url&gt;" dest="5+">
					<expression>^(?:bg-bg|cs-cz|el-gr|es-ar|da-dk|de-at|de-de|fi-fi|fr-fr|hr-hr|he-il|hu-hu|it-it|ja-jp|nb-no|nl-nl|pl-pl|pt-pt|ro-ro|ru-ru|se-se|sl-si|sr-rs|th-th|tr-tr)$</expression>
				</RegExp>
				<expression clear="yes" noclean="1"/>
			</RegExp>
			<expression>IMDb</expression>
		</RegExp>
		
		
	</GetSearchResults>
	<GetAKASearchResults dest="8">
		<RegExp input="$$5" output="&lt;?xml version=&quot;1.0&quot; encoding=&quot;iso-8859-1&quot; standalone=&quot;yes&quot;?&gt;&lt;results&gt;\1&lt;/results&gt;" dest="8">
			<RegExp input="$$1" output="\1" dest="4">
				<expression noclean="1">&lt;table class=&quot;findList&quot;(.*?)&lt;/div</expression>
			</RegExp>
			<RegExp input="$$4" output="&lt;entity&gt;&lt;title&gt;\2&lt;/title&gt;&lt;year&gt;\3&lt;/year&gt;&lt;url cache=&quot;\1-main.html&quot;&gt;http://akas.imdb.com/title/\1/|accept-language=en-us&lt;/url&gt;&lt;id&gt;\1&lt;/id&gt;&lt;/entity&gt;" dest="5">
				<expression repeat="yes" noclean="1,2">&lt;td\sclass=&quot;result_text&quot;&gt;\s&lt;a\shref=&quot;/title/([t0-9]*)/[^&gt;]*&gt;(?:&amp;#x22;)?([^&lt;]*?)(?:&amp;#x22;)?&lt;/a&gt;\s*(?:\([IV]+\) )?\([^\(]*?([0-9]{4})[^\)]*\)\s(?:\(TV Movie\) )?&lt;</expression>
			</RegExp>
			<expression clear="yes" noclean="1"/>
		</RegExp>
	</GetAKASearchResults>
	<GetDetails dest="3">
		<RegExp input="$$5" output="&lt;details&gt;\1&lt;/details&gt;" dest="3">
			<RegExp input="$$1" output="\2" dest="19">
				<expression fixchars="2">&lt;meta name=&quot;title&quot; content=&quot;(IMDb - )?(?:&amp;#x22;)?([^&quot;]*?)(?:&amp;#x22;)? \([^\(]*?([0-9]{4})(?:–\s)?\)</expression>
			</RegExp>
			<RegExp input="$$1" output="\1" dest="19">
				<expression fixchars="1" trim="1">&lt;br/&gt;&lt;span\sclass=&quot;title-extra&quot;\sitemprop=&quot;name&quot;&gt;\s*&quot;([^&quot;]*)&quot;\s*&lt;i&gt;\(original\stitle\)</expression>
			</RegExp>
			<RegExp input="$$1" output="\1" dest="19">
				<expression fixchars="1">class=&quot;originalTitle&quot;&gt;([^&lt;]*)</expression>
			</RegExp>
			<RegExp input="$$1" output="\2" dest="20">
				<expression>&lt;meta name=&quot;title&quot;\scontent=&quot;([^&quot;]*?)\s\([^\(]*?([0-9]{4})(?:–\s)?\)</expression>
			</RegExp>
			<RegExp input="$INFO[searchservice]" output="$$17" dest="2">
				<RegExp input="$$1" output="\1" dest="17">
					<expression noclean="1">&quot;id&quot;:([0-9]*),&quot;imdb_id</expression>
				</RegExp>
				<expression>themoviedb.org</expression>
			</RegExp>
			<RegExp input="$INFO[searchservice]" output="$$17" dest="2">
				<RegExp input="$$1" output="\1" dest="17">
					<expression noclean="1">&quot;id&quot;:[0-9]*,&quot;imdb_id&quot;:&quot;([^&quot;]*)</expression>
				</RegExp>
				<expression>themoviedb.org</expression>
			</RegExp>
			<RegExp input="$$1" output="\1" dest="19">
				<expression fixchars="1">&quot;original_title&quot;:&quot;([^&quot;]*)</expression>
			</RegExp>
			<RegExp input="$$1" output="\1" dest="20">
				<expression noclean="1">&quot;release_date&quot;:&quot;([0-9]+)-</expression>
			</RegExp>
			<RegExp input="$$2" output="&lt;id&gt;\1&lt;/id&gt;" dest="5">
				<expression/>
			</RegExp>
			<RegExp input="$$19" output="&lt;originaltitle&gt;\1&lt;/originaltitle&gt;" dest="5+">
				<expression/>
			</RegExp>
			<RegExp input="$$20" output="&lt;year&gt;\1&lt;/year&gt;" dest="5+">
				<expression/>
			</RegExp>
			<RegExp input="$INFO[titlesource]" output="&lt;chain function=&quot;GetIMDBAKATitlesById&quot;&gt;$$2&lt;/chain&gt;" dest="5+">
				<expression>IMDb</expression>
			</RegExp>
			<RegExp input="$INFO[titlesource]" output="&lt;chain function=&quot;GetTMDBLangTitleByIdChain&quot;&gt;$$2&lt;/chain&gt;" dest="5+">
				<expression>themoviedb.org</expression>
			</RegExp>
			<RegExp input="$INFO[certificationssource]" output="&lt;chain function=&quot;GetTMDBCertificationsByIdChain&quot;&gt;$$2&lt;/chain&gt;" dest="5+">
				<expression>themoviedb.org</expression>
			</RegExp>
			<RegExp input="$INFO[certificationssource]" output="&lt;chain function=&quot;GetIMDBCountryCert&quot;&gt;$$2&lt;/chain&gt;" dest="5+">
				<expression>IMDb</expression>
			</RegExp>
			<RegExp input="$$1" output="&lt;runtime&gt;\1&lt;/runtime&gt;" dest="5+">
				<expression noclean="1">&quot;runtime&quot;:([0-9]+)</expression>
			</RegExp>
			<RegExp input="$$1" output="&lt;runtime&gt;\1&lt;/runtime&gt;" dest="5+">
				<expression trim="1">&lt;h4[^&gt;]*?&gt;Runtime:&lt;/h4&gt;[^0-9]*([0-9]+)</expression>
			</RegExp>
			<RegExp input="$INFO[mratingsource]" output="&lt;chain function=&quot;GetIMDBRatingById&quot;&gt;$$2&lt;/chain&gt;" dest="5+">
				<expression>IMDb</expression>
			</RegExp>
			<RegExp input="$INFO[mratingsource]" output="&lt;chain function=&quot;GetMetaCriticRatingById&quot;&gt;$$2&lt;/chain&gt;" dest="5+">
				<expression>MetaCritic</expression>
			</RegExp>
			<RegExp input="$INFO[mratingsource]" output="&lt;chain function=&quot;GetRTRatingById&quot;&gt;$$2&lt;/chain&gt;" dest="5+">
				<expression>Rotten Tomatoes</expression>
			</RegExp>
			<RegExp input="$INFO[mratingsource]" output="&lt;chain function=&quot;GetTMDBRatingByIdChain&quot;&gt;$$2&lt;/chain&gt;" dest="5+">
				<expression>themoviedb.org</expression>
			</RegExp>
			<RegExp conditional="imdbtop250" input="$$2" output="&lt;chain function=&quot;GetIMDBTOP250ById&quot;&gt;$$2&lt;/chain&gt;" dest="5+">
				<expression />
			</RegExp>
			<RegExp input="$INFO[genressource]" output="&lt;chain function=&quot;GetIMDBGenresById&quot;&gt;$$2&lt;/chain&gt;" dest="5+">
				<expression>IMDb</expression>
			</RegExp>
			<RegExp input="$INFO[genressource]" output="&lt;chain function=&quot;GetTMDBLangGenresByIdChain&quot;&gt;$$2&lt;/chain&gt;" dest="5+">
				<expression>themoviedb.org</expression>
			</RegExp>
			<RegExp input="$INFO[studiosource]" output="&lt;chain function=&quot;GetIMDBStudioById&quot;&gt;$$2&lt;/chain&gt;" dest="5+">
				<expression>IMDb</expression>
			</RegExp>
			<RegExp input="$INFO[studiosource]" output="&lt;chain function=&quot;GetTMDBStudioByIdChain&quot;&gt;$$2&lt;/chain&gt;" dest="5+">
				<expression>themoviedb.org</expression>
			</RegExp>
			<RegExp input="$INFO[countrysource]" output="&lt;chain function=&quot;GetIMDBCountryById&quot;&gt;$$2&lt;/chain&gt;" dest="5+">
				<expression>IMDb</expression>
			</RegExp>
			<RegExp input="$INFO[countrysource]" output="&lt;chain function=&quot;GetTMDBCountryByIdChain&quot;&gt;$$2&lt;/chain&gt;" dest="5+">
				<expression>themoviedb.org</expression>
			</RegExp>
			<RegExp input="$INFO[outlinesource]" output="&lt;chain function=&quot;GetIMDBOutlineById&quot;&gt;$$2&lt;/chain&gt;" dest="5+">
				<expression>IMDb</expression>
			</RegExp>
			<RegExp input="$INFO[outlinesource]" output="&lt;chain function=&quot;GetRTOutlineById&quot;&gt;$$2&lt;/chain&gt;" dest="5+">
				<expression>Rotten Tomatoes / Critics' Consensus</expression>
			</RegExp>
			<RegExp input="$INFO[plotsource]" output="&lt;chain function=&quot;GetIMDBPlotById&quot;&gt;$$2&lt;/chain&gt;" dest="5+">
				<expression>^IMDb$</expression>
			</RegExp>
			<RegExp input="$INFO[plotsource]" output="&lt;chain function=&quot;GetTMDBLangPlotByIdChain&quot;&gt;$$2&lt;/chain&gt;" dest="5+">
				<expression>themoviedb.org</expression>
			</RegExp>
			<RegExp input="$INFO[plotsource]" output="&lt;chain function=&quot;GetRTCConsensusToPlotById&quot;&gt;$$2&lt;/chain&gt;" dest="5+">
				<expression>Rotten Tomatoes / Critics' Consensus</expression>
			</RegExp>
			<RegExp input="$INFO[plotsource]" output="&lt;chain function=&quot;GetIMDBOutlineToPlotById&quot;&gt;$$2&lt;/chain&gt;" dest="5+">
				<expression>IMDb Outline</expression>
			</RegExp>
			<RegExp input="$INFO[taglinesource]" output="&lt;chain function=&quot;GetIMDBTaglineById&quot;&gt;$$2&lt;/chain&gt;" dest="5+">
				<expression>IMDb</expression>
			</RegExp>
			<RegExp input="$INFO[taglinesource]" output="&lt;chain function=&quot;GetTMDBLangTaglineByIdChain&quot;&gt;$$2&lt;/chain&gt;" dest="5+">
				<expression>themoviedb.org</expression>
			</RegExp>
			<RegExp input="$INFO[plotsource]" output="&lt;chain function=&quot;GetRTPlotById&quot;&gt;$$2&lt;/chain&gt;" dest="5+">
				<expression>^Rotten Tomatoes$</expression>
			</RegExp>
			<RegExp input="$INFO[plotsource]" output="&lt;chain function=&quot;GetOFDbPlotByIMDBId&quot;&gt;$$2&lt;/chain&gt;" dest="5+">
				<expression>OFDb.de</expression>
			</RegExp>
			<RegExp input="$INFO[plotsource]" output="&lt;chain function=&quot;GetPortHUPlotByTitleAndYear&quot;&gt;$$19::$$20::$$2&lt;/chain&gt;" dest="5+">
				<expression>port.hu</expression>
			</RegExp>
			<RegExp input="$INFO[creditssource]" output="&lt;chain function=&quot;GetIMDBCastById&quot;&gt;$$2&lt;/chain&gt;" dest="5+">
				<expression>^IMDb$</expression>
			</RegExp>
			<RegExp input="$INFO[creditssource]" output="&lt;chain function=&quot;GetIMDBFullCastById&quot;&gt;$$2&lt;/chain&gt;" dest="5+">
				<expression>IMDbFull</expression>
			</RegExp>
			<RegExp input="$INFO[creditssource]" output="&lt;chain function=&quot;GetTMDBCastByIdChain&quot;&gt;$$2&lt;/chain&gt;" dest="5+">
				<expression>themoviedb.org</expression>
			</RegExp>
			<RegExp input="$INFO[creditssource]" output="&lt;chain function=&quot;GetIMDBDirectorsById&quot;&gt;$$2&lt;/chain&gt;" dest="5+">
				<expression>^IMDb$</expression>
			</RegExp>
			<RegExp input="$INFO[creditssource]" output="&lt;chain function=&quot;GetIMDBFullDirectorsById&quot;&gt;$$2&lt;/chain&gt;" dest="5+">
				<expression>IMDbFull</expression>
			</RegExp>
			<RegExp input="$INFO[creditssource]" output="&lt;chain function=&quot;GetTMDBDirectorsByIdChain&quot;&gt;$$2&lt;/chain&gt;" dest="5+">
				<expression>themoviedb.org</expression>
			</RegExp>
			<RegExp input="$INFO[creditssource]" output="&lt;chain function=&quot;GetIMDBWritersById&quot;&gt;$$2&lt;/chain&gt;" dest="5+">
				<expression>^IMDb$</expression>
			</RegExp>
			<RegExp input="$INFO[creditssource]" output="&lt;chain function=&quot;GetIMDBFullWritersById&quot;&gt;$$2&lt;/chain&gt;" dest="5+">
				<expression>IMDbFull</expression>
			</RegExp>
			<RegExp input="$INFO[creditssource]" output="&lt;chain function=&quot;GetTMDBWitersByIdChain&quot;&gt;$$2&lt;/chain&gt;" dest="5+">
				<expression>themoviedb.org</expression>
			</RegExp>
			<RegExp conditional="tmdbset" input="$$2" output="&lt;chain function=&quot;GetTMDBLangSetByIdChain&quot;&gt;$$2&lt;/chain&gt;" dest="5+">
				<expression />
			</RegExp>
			<RegExp input="$INFO[tmdbtags]" output="&lt;chain function=&quot;GetTMDBTagsByIdChain&quot;&gt;$$2&lt;/chain&gt;" dest="5+">
				<expression>themoviedb.org</expression>
			</RegExp>
			<RegExp conditional="fanarttvposter" input="$$2" output="&lt;chain function=&quot;GetFanartTvThumbsByIdChain&quot;&gt;$$2&lt;/chain&gt;" dest="5+">
				<expression/>
			</RegExp>
			<RegExp conditional="tmdbthumbs" input="$$2" output="&lt;chain function=&quot;GetTMDBLangThumbsByIdChain&quot;&gt;$$2&lt;/chain&gt;" dest="5+">
				<expression/>
			</RegExp>
			<RegExp conditional="movieposterdb" input="$$2" output="&lt;chain function=&quot;GetMoviePosterDBThumbs&quot;&gt;$$2&lt;/chain&gt;" dest="5+">
				<expression/>
			</RegExp>
			<RegExp conditional="fanarttvfanart" input="$$2" output="&lt;chain function=&quot;GetFanartTvFanartByIdChain&quot;&gt;$$2&lt;/chain&gt;" dest="5+">
				<expression/>
			</RegExp>
			<RegExp conditional="fanart" input="$$2" output="&lt;chain function=&quot;GetTMDBFanartByIdChain&quot;&gt;$$2&lt;/chain&gt;" dest="5+">
				<expression/>
			</RegExp>
			<RegExp conditional="tmdbtrailer" input="$$2" output="&lt;chain function=&quot;GetTMDBLangTrailerByIdChain&quot;&gt;$$2&lt;/chain&gt;" dest="5+">
				<expression/>
			</RegExp>
			<expression noclean="1"/>
		</RegExp>
	</GetDetails>
</scraper>
