<?xml version="1.0" encoding="UTF-8"?>
    <addon id="repository.Wetek_XMO" name="Wetek XMO Addons" version="1.0.0" provider-name="XorioN OzKaradag Mach1 (XMO)">
        <requires>
            <import addon="xbmc.addon" version="12.0.0"/>
        </requires>
        <extension point="xbmc.addon.repository" name="Wetek XMO Addons">
            <info compressed="false">https://github.com/wetek/RepoWetek/raw/master/addons/addons.xml</info>
            <checksum>https://github.com/wetek/RepoWetek/raw/master/addons/addons.xml.md5</checksum>
            <datadir zip="true">https://github.com/wetek/RepoWetek/raw/master/addons/</datadir>
            <hashes>false</hashes>
        </extension>
        <extension point="xbmc.addon.metadata">
            <summary>WeTek Kodi Eklentileri (XMO)</summary>
            <description>Kodi icin bircok eklentiyi bir arada bulabilirsiniz.</description>
			<website>http://www.mach1digital.com</website>
		    <forum>http://www.mach1digital.com/mach1forum/index.php</forum>
            <platform>all</platform>
    </extension>
</addon>