<?xml version='1.0' encoding='UTF-8' standalone='yes'?>
<addon id="service.nextup.notification" name="Nextup Service Notification" provider-name="im85288" version="1.0.15">
    <requires>
        <import addon="xbmc.python" version="2.20.0"/>
    </requires>
    <extension library="service.py" point="xbmc.service" start="login"/>
    <extension point="xbmc.addon.metadata">
        <summary lang="en">Provides a netflix style nextup pop up notification</summary>
        <description lang="en">Provides a netflix style nextup pop up notification</description>
        <disclaimer lang="en">This plugin is a standalone plugin.</disclaimer>
        <platform>all</platform>
        <language/>
    </extension>
</addon>
