<?xml version="1.0" encoding="UTF-8"?>
<addon
  id="pvr.vuplus"
  version="1.10.7"
  name="VU+ / Enigma2 Client"
  provider-name="Joerg Dembski">
  <requires>
    <c-pluff version="0.1"/>
    <import addon="xbmc.pvr" version="1.9.6"/>
  </requires>
  <extension
    point="xbmc.pvrclient"
    library_linux="pvr.vuplus.so"
    library_osx="pvr.vuplus.dylib"
    library_freebsd="pvr.vuplus.so"
    library_windx="pvr.vuplus.dll"
    library_android="libpvr.vuplus.so"/>
  <extension point="xbmc.addon.metadata">
    <summary lang="af_ZA">Kodi se voorprogram vir VU+ / Enigma2 gebasseerde 'set-top' bokse</summary>
    <summary lang="be_BY">Kodi's frontend for VU+ / Enigma2 based settop boxes</summary>
    <summary lang="bg_BG">Kodi клиент за тунери базирани на VU+ / Enigma2</summary>
    <summary lang="cs_CZ">Rozhraní Kodi pro VU+ / přijímače založené na Enigma2</summary>
    <summary lang="cy_GB">Blaen Kodi ar gyfer blychau teledu VU+ / Enigma2</summary>
    <summary lang="da_DK">Kodi's frontend til VU+ / Enigma2 baseret på settop bokse</summary>
    <summary lang="de_DE">Kodi Oberfläche für VU+ / Enigma2-basierte Settop-Boxen</summary>
    <summary lang="el_GR">Frontend του Kodi για αποκωδικοποιητές (settop box) τύπου VU+ / Enigma2</summary>
    <summary lang="en_AU">Kodi's frontend for VU+ / Enigma2 based settop boxes</summary>
    <summary lang="en_GB">Kodi's frontend for VU+ / Enigma2 based settop boxes</summary>
    <summary lang="en_NZ">Kodi's frontend for VU+ / Enigma2 based settop boxes</summary>
    <summary lang="en_US">Kodi's frontend for VU+ / Enigma2 based settop boxes</summary>
    <summary lang="es_AR">Kodi frontend para decodificadores equipados con VU+/Enigma2</summary>
    <summary lang="es_ES">Frontend Kodi para decodificadores basados en VU+/Enigma2</summary>
    <summary lang="et_EE">Kodi esi VU+ / Enigma2 põhistele digiboksidele</summary>
    <summary lang="fr_CA">Frontal Kodi pour les boîtiers décodeurs basés sur VU+ / Enigma 2</summary>
    <summary lang="fr_FR">Interface logicielle pour les enregistreurs VU+/Enigma2</summary>
    <summary lang="gl_ES">Interface de Kodi para decodificadores equipados con VU+/Enigma2</summary>
    <summary lang="he_IL">לקוח טלוויזיה חיה עבור מכשירי VU+ או מבוססי Enigma2</summary>
    <summary lang="hr_HR">Kodi sučelje za VU+ / Enigma2 set-top box temeljene uređaje</summary>
    <summary lang="hu_HU">Kodi VU+ és Enigma2 előtér-kiszolgáló settop boxokhoz </summary>
    <summary lang="id_ID">Frontend Kodi untuk settop boxes berbasis VU+ / Enigma2</summary>
    <summary lang="is_IS">XBMS framendi fyrir tengibox byggð á VU+ / Enigma2</summary>
    <summary lang="it_IT">Frontend con Kodi per i settop box basati su VU+ / Enigma2</summary>
    <summary lang="ja_JP">VU+ / Enigma2 ベースのセットトップボックス用 Kodi フロントエンド</summary>
    <summary lang="ko_KR">VU+ / Enigma2 베이스 셋탑박스를 위한 Kodi 프론트엔드</summary>
    <summary lang="lt_LT">Kodi sąsaja(-os) VU + / Enigma2 rinkinių priedų pagrindu</summary>
    <summary lang="lv_LV">Kodi galasistēma VU+ / Enigma2 balstītām pierīcēm</summary>
    <summary lang="mk_MK">Kodi's интерфејс за VU+ / Enigma2 базирани звучници</summary>
    <summary lang="ms_MY">Bahagian hadapan Kodi untuk kotak settop berasaskan VU+/Enigma2</summary>
    <summary lang="nb_NO">Kodi's frontend for VU+ / Enigma2-baserte set top bokser</summary>
    <summary lang="nl_NL">Kodi's frontend voor op VU+ / Enigma2 gebaseerde settopboxen</summary>
    <summary lang="pl_PL">Klient Kodi dla dekoderów VU+ / Enigma2 </summary>
    <summary lang="pt_BR">Frontend do Kodi para conversores baseados em VU+/Enigma2</summary>
    <summary lang="pt_PT">Frontend Kodi para caixas settop baseadas em VU+ / Enigma2</summary>
    <summary lang="ro_RO">Interfața Kodi pentru decodoare VU+ / Enigma2 </summary>
    <summary lang="ru_RU">Фронтэнд Kodi для тюнеров, основанных на VU+ /Enigma2</summary>
    <summary lang="sk_SK">Rozhranie Kodi pre spoluprácu s prijímačmi VU+ / Enigma2</summary>
    <summary lang="sl_SI">Kodijev vmesnik za sprejemnike VU+ / Enigma2</summary>
    <summary lang="sq_AL">Frontend i Kodi'së për Aparate VU+ / Enigma2 </summary>
    <summary lang="sv_SE">Kodi Frontend för VU+/Enigma2 baserade dekodrar</summary>
    <summary lang="tr_TR">VU+ / Enigma2 alıcı kutuları için Kodi ön ucu</summary>
    <summary lang="uk_UA">Накладка VU+ /  Enigma2 для Kodi</summary>
    <summary lang="vi_VN">Giao tiếp Kodi cho VU+ / Enigma2 dựa trên các bộ Settop Box</summary>
    <summary lang="zh_CN">基于 VU+/Enigma2 的机顶盒的 Kodi 前端</summary>
    <summary lang="zh_TW">給以VU+ / Enigma2開發的機上盒使用的Kodi前端</summary>
    <description lang="af_ZA">VU+ voorprogram; ondersteun stroom van Lewendige TV &amp; Opnames, EPG, Tydhouers.</description>
    <description lang="be_BY">VU+ frontend; supporting streaming of Live TV &amp; Recordings, EPG, Timers.</description>
    <description lang="bg_BG">VU+ клиент. Поддържа поточна телевизия и записване, електронен програмен справочник и броячи.</description>
    <description lang="cs_CZ">Rozhraní WU+. Podporuje proudové vysílání živého vysílání a nahrávek, poslech kanálů rádia, EPG, a časovače.</description>
    <description lang="cy_GB">Blaen VU+; cynnal ffrydio Teledu Byw, Recordio, Amserlenni, Amseryddion</description>
    <description lang="da_DK">VU+ frontend; understøtter streaming af TV og Optagelser, EPG og Timere.</description>
    <description lang="de_DE">VU+ -Oberfläche; Unterstützt Live TV &amp; Aufnahmen, EPG und Timer.</description>
    <description lang="el_GR">Frontend για το VU+. Υποστηρίζει ροές Live TV &amp; Εγγραφές, EPG, Χρονοδιακόπτες.</description>
    <description lang="en_AU">VU+ frontend; supporting streaming of Live TV &amp; Recordings, EPG, Timers.</description>
    <description lang="en_GB">VU+ frontend; supporting streaming of Live TV &amp; Recordings, EPG, Timers.</description>
    <description lang="en_NZ">VU+ frontend; supporting streaming of Live TV &amp; Recordings, EPG, Timers.</description>
    <description lang="en_US">VU+ frontend; supporting streaming of Live TV &amp; Recordings, EPG, Timers.</description>
    <description lang="es_AR">VU+ frontend; soporta TV en vivo, grabaciones, guía de programación (GEP) y temporizadores.</description>
    <description lang="es_ES">Frontend VU+; soporta TV en vivo, grabaciones, guía de programación (EPG) y temporizadores.</description>
    <description lang="et_EE">VU+ esi. Toetab telekanalite striimimist ja salvestamist ning elektroonilist saatekava.</description>
    <description lang="fr_CA">Frontal VU+, prenant en charge la lecture en transit des télés en direct &amp; les enregistrements, le GÉP et les minuteries.</description>
    <description lang="fr_FR">Interface logicielle pour enregistreur VU+. Supporte la lecture en continu de direct télévision et son enregistrement, guide de programme, minuteurs.</description>
    <description lang="gl_ES">Interface VU+; soporta TV en directo, gravacións, Guía de programación e temporizadores.</description>
    <description lang="he_IL">לקוח טלוויזיה חיה של VU+. תומך בהזרמת שידורים חיים והקלטות, הצגת לוח שידורים ותזמון הקלטות.</description>
    <description lang="hr_HR">VU+ sučelje; podržava stremanje i snimanje TV programa, elektronski programski vodič (EPG)  i vremeski zadano snimanje.</description>
    <description lang="hu_HU">VU+ előtér-kiszolgáló. Élő adások és felvételek sugárzásának támogatása EPG-vel és időzítéssel.</description>
    <description lang="id_ID">Frontend VU+. Mendukung pengaliran TV dan Rekaman langsung, EPG dan Timer.</description>
    <description lang="is_IS">VU+ framendi; styður streymingu á Beinum útsendingum og upptökum, rafrænum dagskrárvísum (EPG) og tímatöku.</description>
    <description lang="it_IT">Frontend VU+; supporta EPG, i timer e lo streaming della TV dal vivo e delle registrazioni.</description>
    <description lang="ja_JP">VU+ フロントエンド。ライブテレビのストリーミングや録画、EPG、タイマーをサポート。</description>
    <description lang="ko_KR">VU+ 프론트엔드; TV 시청 &amp; 녹화, EPG, 타이머 지원</description>
    <description lang="lt_LT">TPB + sąsaja, remti transliacijos Live TV &amp; įrašai, EPG, Laikmačiai.</description>
    <description lang="lv_LV">VU+ galasistēma; atbalsta tiešraides TV &amp; ierakstu straumēšanu, EPG, taimerus.</description>
    <description lang="mk_MK">VU+ интерфејс;подржува стриминг на Live TV &amp; Recordings, EPG, Timers.</description>
    <description lang="ms_MY">Bahagian hadapan VU+; menyokong penstirman  Langsung &amp; Rakaman, EPG, Pemasa TV</description>
    <description lang="nb_NO">VU+ frontend; støtte for Live TV  &amp; Opptak, EPG, Timere.</description>
    <description lang="nl_NL">VU+ frontend; ondersteunt het streamen van LiveTV &amp; Opnames, EPG, Timers</description>
    <description lang="pl_PL">Klient VU+ obsługuje strumieniowanie kanałów radiowych i telewizyjnych, nagrywanie i harmonogram nagrań oraz funkcje przewodnika telewizyjnego.</description>
    <description lang="pt_BR">VU+ frontend; suporta streaming de TV Ao Vivo e Gravações, EPG, agendamentos.</description>
    <description lang="pt_PT">Frontend VU+ ; suporta transmissão de TV em Directo e Gravações, EPG, Temporizadores.</description>
    <description lang="ro_RO">Interfața VU+; suportă streaming programe TV și înregistrare, program electronic, cronometre - înregistrare programată</description>
    <description lang="ru_RU">VU+ фронтэнд; поддерживает потоковое TV, запись, ЕПГ, таймеры.</description>
    <description lang="sk_SK">VU+ rozhranie; je podporované streamovanie živého televízneho vysielania a nahrávok, EPG, časovačov.</description>
    <description lang="sl_SI">Vmesnik za VU+; podpira pretakanje televizije v živo in posnetkov, EPG, časovnike.</description>
    <description lang="sq_AL">VU+ frontend, përkrahën transmetimin e Live TV's &amp; Regjistrime, EPG, timer.</description>
    <description lang="sv_SE">VU+ frontend; stödjer strömning av direktsänd TV &amp; inspelningar, EPG, timers.</description>
    <description lang="tr_TR">VU+ ön ucu; Canlı TV akışı ve kayıt yapabilme, EPG ve zamanlayıcıları destekler.</description>
    <description lang="uk_UA">Накладка VU+; підтримує потоки Live TV, запис, програму передач, таймери.</description>
    <description lang="vi_VN">Giao tiếp cho VU+; hỗ trợ truyền phát và thu chương trình Live TV, hẹn giờ và hiển thị lịch trình chiếu (EPG)</description>
    <description lang="zh_CN">VU+ 前端，支持直播电视播放和录像、电子节目单、定时器。</description>
    <description lang="zh_TW">VU+前端；支援的串流媒體包括有：電視直播和節目錄影，電子節目表，定時器。&#10;詳細信息建議歷史</description>
    <disclaimer lang="af_ZA">Hierdie is onstabiele sagteware! Die outeurs is op geen manier verantwoordelik vir gefaalde opnames, inkorrekte tydhouers, gemorsde ure, of enige ander ongewensde effekte.</disclaimer>
    <disclaimer lang="be_BY">This is unstable software! The authors are in no way responsible for failed recordings, incorrect timers, wasted hours, or any other undesirable effects..</disclaimer>
    <disclaimer lang="bg_BG">Тази програма е нестабилна! Авторите не носят отговорност за неуспешно записване, некоректни броячи, пропиляно време и други нежелани ефекти.</disclaimer>
    <disclaimer lang="ca_ES">Això és programari inestable! Els autors no són de cap manera responsables dels enregistraments que han fallat, temporitzadors incorrectes, hores perdudes, o qualssevol altres efectes no desitjats..</disclaimer>
    <disclaimer lang="cs_CZ">Tento software není stabilní. Autoři nejsou žádným způsobem zodpovědní za selhání při nahrávání, neplatné časovače, ztracený čas, či jakékoliv jiné nežádoucí události...</disclaimer>
    <disclaimer lang="cy_GB">Mae hwn yn feddalwedd ansad! Nid yw'r awduron yn gyfrifol mewn unrhyw ffordd am fethu recordio, amseru gwallus, oriau wedi eu gwastraffu nac effeithiau anymunol eraill.</disclaimer>
    <disclaimer lang="da_DK">Dette er ustabil software! Ophavsmændene er på ingen måde ansvarlige for mislykkede optagelser, ukorrekte timere, spildte timer, eller andre uønskede konsekvenser..</disclaimer>
    <disclaimer lang="de_DE">Dies ist instabile Software! Die Autoren sind in keiner Weise verantwortlich für fehlgeschlagene Aufnahmen, falsche Timer, verschwendete Zeit oder andere ungewünschte Effekte.</disclaimer>
    <disclaimer lang="el_GR">Ασταθές πρόγραμμα! Οι δημιουργοί δεν είναι σε καμία περίπτωση υπεύθυνοι για αποτυχημένες εγγραφές, λανθασμένους χρονοδιακόπτες, χαμένες ώρες, ή κάθε είδους ανεπιθύμητα αποτελέσματα..</disclaimer>
    <disclaimer lang="en_AU">This is unstable software! The authors are in no way responsible for failed recordings, incorrect timers, wasted hours, or any other undesirable effects..</disclaimer>
    <disclaimer lang="en_GB">This is unstable software! The authors are in no way responsible for failed recordings, incorrect timers, wasted hours, or any other undesirable effects..</disclaimer>
    <disclaimer lang="en_NZ">This is unstable software! The authors are in no way responsible for failed recordings, incorrect timers, wasted hours, or any other undesirable effects..</disclaimer>
    <disclaimer lang="en_US">This is unstable software! The authors are in no way responsible for failed recordings, incorrect timers, wasted hours, or any other undesirable effects..</disclaimer>
    <disclaimer lang="es_AR">¡Este software es inestable! Los autores no se responsabilizan por grabaciones fallidas, temporizadores incorrectos, horas perdidas, o cualquier otro efecto no deseado..</disclaimer>
    <disclaimer lang="es_ES">¡Este es un software inestable! Los autores no son de ninguna manera responsables de las grabaciones fallidas o incorrectas, las temporizadores perdidas, ni otros efectos no deseables..</disclaimer>
    <disclaimer lang="es_MX">¡Esto es software inestable! Los autores no son de ninguna manera responsables por grabaciones fallidas, temporizadores incorrectos, horas perdidas o cualquier otro efecto no deseado...</disclaimer>
    <disclaimer lang="et_EE">See on ebastabiilne tarkvara! Autorid ei ole kuidagi moodi vastutavad nurjunud salvestiste, ebaõige aegrelee, raisatud tundide ega muude soovimatute asjade eest.</disclaimer>
    <disclaimer lang="fi_FI">Tämä on epävakaa ohjelmisto! Tekijät eivät ole millään muotoa vastuussa epäonnistuneista tallennuksista, virheellisistä ajastuksia, haaskatusta ajasta, verenpaineen noususta tai mistään muusta epäsuotuisasta vaikutuksesta.</disclaimer>
    <disclaimer lang="fr_CA">Ce logiciel est instable! Les auteurs ne sont aucunement responsables des enregistrements défaillants, des minuteries erronées, des heures perdues ou tout autre effet indésirable.</disclaimer>
    <disclaimer lang="fr_FR">Logiciel en cours d'élaboration ! Les auteurs ne sont en aucun cas responsables de l'échec des enregistrements, minuteries défectueuses, temps perdu ou autres effets indésirables..</disclaimer>
    <disclaimer lang="gl_ES">Software non estable, os autores non se fan responsábeis dos erros na gravacións, temporizadores incorrectos, e outros efectos non desexados.</disclaimer>
    <disclaimer lang="he_IL">זוהי איננה הרחבה יציבה! המפתחים אינם אחראים על כשלון בניגון, זמנים שגויים במדריך השידורים, שעות מבוזבזות או כל תופעה לא רצויה אחרת.</disclaimer>
    <disclaimer lang="hr_HR">Ovo je nestabilan softver! Autori nisu ni na koji način odgovorni za neuspjelo snimanje, netočna vremena snimanja, izgubljene sate, ili bilo koje druge nepoželjne učinke...</disclaimer>
    <disclaimer lang="hu_HU">Ez nem stabil szoftver! A készítők nem vállalnak felelősséget, a hibás felvételért, rossz időzítésért, elvesztegetett időért...</disclaimer>
    <disclaimer lang="hy_AM">Սա անկայուն ծրագրային ապահովում է: Հեղինակները պատասխանատու չեն վատ ձայնագրումների, սխալ ժամանակացույցերի, կորած ժամանակի կամ այլ ոչ ցանկալի երևույթների համար:</disclaimer>
    <disclaimer lang="id_ID">Ini merupakan software yang tidak stabil! Penulis tidak bertanggung jawab untuk rekaman gagal, timer salah, waktu terbuang, atau efek tak diinginkan lainnya...</disclaimer>
    <disclaimer lang="is_IS">Þetta er óstöðugur hugbúnaður! Höfundarnir eru á engan hátt ábyrgir fyrir misheppnuðum upptökum, röngum upptökutímum, klukkustundum sem að fóru í súginn eða nokkrum öðrum óæskilegum áhrifum.</disclaimer>
    <disclaimer lang="it_IT">Questo software è instabile! Gli autori non sono in alcun modo responsabile per le fallite registrazioni, timer non corretti, ore perse o qualsiasi altro effetto non desiderato...</disclaimer>
    <disclaimer lang="ja_JP">これは不安定なソフトウェアです！本プログラムの作者は、録画の失敗、正確に作動しなかったタイマー、無駄にした時間、その他あらゆる好ましくない結果について責任を負わないものとします。</disclaimer>
    <disclaimer lang="ko_KR">이 소프트웨어는 불안정합니다! 제작자는 녹화 실패, 부정확한 타이머, 시간 낭비 및 기타 예상하지 못한 결과에 대해 책임지지 않습니다..</disclaimer>
    <disclaimer lang="lt_LT">Tai yra nestabili programinė įranga! Autorius jokiu būdu neatsakingas už nepavykusius įrašus, neteisingus laikmačius, iššvaistytas valandas, ar nutikus kitiems nepageidaujamiems poveikiams ...[COLOR=red](Kodi.lt rekomenduoja/siūlo testuojant šį priedą persijungti į Anglų [orinali] kalbą)[/COLOR]</disclaimer>
    <disclaimer lang="lv_LV">Šī ir nestabila programmatūra! Autori nav atbildīgi par nesanākušiem ierakstiem, nepareiziem taimeriem, iztērētām stundām vai jebkādiem citiem nevēlamiem efektiem..</disclaimer>
    <disclaimer lang="mk_MK">Ова е нестабилен софтвер! Авторите на ниту еден начин не одговараат за неуспешни снимки, неточни тајмери, потрошени часови, или било кои други несакани ефекти.</disclaimer>
    <disclaimer lang="mn_MN">Тус програм нь гүйцэд хийгдэж дуусаагүй! Зохиогч нь алдаатай бичлэг, цагийн буруу хөтлөлт, алдагдсан цаг хугацаа эсвэл бусад ямар нэгэн хүсээгүй үр дүнд хариуцлага хүлээхгүй.</disclaimer>
    <disclaimer lang="ms_MY">Ini merupakan perisian tidak stabil! Pengarang tidak bertanggungjawab atas kegagalan rakaman, pemasa tidak betul, masa yang dibazirkan, atau apa jua kesan yang tidak dikehendaki..</disclaimer>
    <disclaimer lang="nb_NO">Dette er ustabil programvare! Skaperen har ikke på noen måte ansvar for feilede opptak, feile timere, bortkastede timer, eller andre uønskede effekter..</disclaimer>
    <disclaimer lang="nl_NL">Dit is onstabiele software! De auteurs zijn op geen enkele manier verantwoordelijk voor mislukte opnames, incorrecte timers, verspilde uren of andere ongewenste effecten.</disclaimer>
    <disclaimer lang="pl_PL">Oprogramowanie nadal jest w fazie rozwoju i jest niestabilne! Autorzy w żaden sposób nie są odpowiedzialni za nieudane nagrania, błędy w harmonogramie nagrań, zmarnowany czas ani jakiekolwiek inne niepożądane efekty.</disclaimer>
    <disclaimer lang="pt_BR">Este é um software instável! Os autores não são responsáveis por falhas nas gravações, agendamentos incorretos, horas dispendidas, ou quaisquer outros efeitos indesejáveis</disclaimer>
    <disclaimer lang="pt_PT">Este software é instável! Os autores não se responsabilizam por falhas nas gravações, temporizadores incorrectos, horas perdidas ou outro qualquer efeito não desejado...</disclaimer>
    <disclaimer lang="ro_RO">Acesta nu este o aplicație definitivă! Autorii nu sunt în nici un fel responsabili pentru înregistrări eșuate, cronometre incorecte, ore pierdute, sau orice alte efecte nedorite...</disclaimer>
    <disclaimer lang="ru_RU">Это тестовая программа! Авторы не несут ответственности за неудачные записи, неверные таймеры, потраченное время и прочие нежелательные эффекты..</disclaimer>
    <disclaimer lang="si_LK">මෙය අස්ථිර මෘදුකාංගයකි! මෙහි සිදුවන පටිගත කිරීම් අසාර්ථක වීම්, සාවද්‍ය මුහුර්තක, නාස්ති වූ කාලයන්, හෝ වෙනත් යමිකිසි නුසුදුසු බලපෑම් සඳහා කතෘ වග කියනු නොලැබේ.</disclaimer>
    <disclaimer lang="sk_SK">Tento softvér nie je stabilný! Autori nenesú žiadnu zodpovednosť za chybné nahrávky vysielania, nesprávne časovače alebo iné neželané udalosti spôsobené týmto softvérom..</disclaimer>
    <disclaimer lang="sl_SI">To je nestabilna programska oprema! Avtorji niso odgovorni za neuspela snemanja, nepravilne časovnike, zapravljen čas in katerikoli drug neželen učinek...</disclaimer>
    <disclaimer lang="sq_AL">Ky program nuk është ende stabël! Autorët e këtij programi nuk janë në as një menyr përgjegjës për rregistrime të gabuara, timer të pasaktë, kohë të humbur ose efekte të tilla të padëshirueshme.</disclaimer>
    <disclaimer lang="sr_RS@latin">Овај софтвер је нестабилан! Аутори ни на који начин нису одговорни за неуспела снимања, неисправна заказана снимања, изгубљене сате или друге нежељене ефекте.</disclaimer>
    <disclaimer lang="sv_SE">Detta är ostabil mjukvara! Upphovsmännen är inte ansvariga för misslyckade inspelningar, inkorrekta timers, bortslösade timmar, eller några andra oönskade effekter..</disclaimer>
    <disclaimer lang="szl">To je niystabilny softwer! Autōry niy sōm ôdpedzialne za niypodarzōne graniy, niynŏleżne godziny EPG, stracōne godziny i inksze niychciane efekty.</disclaimer>
    <disclaimer lang="te_IN">ఇది అస్థిర సాఫ్ట్వేర్! విఫలమైన రికార్డింగ్లు, తప్పు టైమర్లు, వృధా గంటల, లేదా ఏ ఇతర అవాంఛనీయ ప్రభావాలకు ఏ విధంగా రచయితలు భాద్యుతులు కారు.</disclaimer>
    <disclaimer lang="tg_TJ">Ин нармафзори ноустувор аст! Муаллифон барои вайрониҳои сабт, вақтсанҷҳои нодуруст, соатҳои бефоида ва дигар таъсирҳои номатлуб ҷавобгар намебошанд.</disclaimer>
    <disclaimer lang="tr_TR">Bu stabil olmayan program! Yapımcılar hatalı kayıtlardan, bozuk sürelerden, harcanan vakitten veya herhangi bir olumsuz etkiden dolayı sorumlu tutulamaz.</disclaimer>
    <disclaimer lang="uk_UA">Це нестабільна програма! Автори не несуть відповідальності за попсуті записи, неправильні таймери, втрачений час та інші небажані ефекти.</disclaimer>
    <disclaimer lang="vi_VN">Đây là phần mềm không ổn định! Các tác giả không chịu trách nhiệm đối với bản ghi chương trình thất bại, hẹn giờ không chính xác, giờ lãng phí, hoặc bất kỳ tác dụng không mong muốn khác..</disclaimer>
    <disclaimer lang="zh_CN">这是不稳定版的软件！作者不对录像失败、错误定时造成时间浪费或其它不良影响负责。</disclaimer>
    <disclaimer lang="zh_TW">這是測試版軟體！其原創作者並無法對於以下情況負責，包含：錄影失敗，不正確的定時設定，多餘時數，或任何產生的其它不良影響...</disclaimer>
    <platform>all</platform>
  </extension>
</addon>
