<?xml version="1.0" encoding="UTF-8" standalone="yes"?>
<addon id="plugin.video.wildfire2"
	   name="Wildfire2"
	   version="1.0.2"
	   provider-name="pcd">
  <requires>
  	<import addon="xbmc.python" version="2.1.0"/>
  	<import addon="script.module.urlresolver"  />
  	<import addon="script.module.t0mm0.common" />
        <import addon="script.module.youtube.dl" version="15.318.0"/>
  </requires>
	   
  <extension point="xbmc.python.pluginsource"
			 library="default.py">
    	<provides>video</provides>
  </extension>
  <extension point="xbmc.addon.metadata">
    <summary>Adult(18+) videos (Part 2) from wildfireporn.com</summary>
    <description>Aadult(18+) videos (Part 2) from wildfireporn.com</description>
    <platform>all</platform>
  </extension>
</addon>






