<?xml version="1.0" encoding="UTF-8" standalone="yes"?>
<addon id="plugin.video.elitetorrent" name="[COLOR FF336699]EliteTorrent[/COLOR] viewer" version="1.0.2"
       provider-name="mancuniancol">
    <requires>
        <import addon="xbmc.python" version="2.12.0"/>
        <import addon="script.module.mctools" optional="false"/>
    </requires>
    <extension point="xbmc.python.pluginsource" library="addon.py">
        <provides>video</provides>
    </extension>
    <extension point="xbmc.service" library="service.py" start="login">
    </extension>
    <extension point="xbmc.addon.metadata">
        <summary lang="en">se habla en castellano</summary>
        <summary lang="es">se habla en castellano</summary>
        <description lang="en">This Add-on is a viewer for EliteTorrent</description>
        <description lang="es">Este es un Add-on es un visor para EliteTorrent</description>
        <language></language>
        <platform>all</platform>
        <forum></forum>
        <disclaimer lang="en">It is just for educational purpose[CR]Check if it is illegal in your country to use.
        </disclaimer>
        <license>GNU GENERAL PUBLIC LICENSE. Version 2, June 1991</license>
    </extension>
</addon>
