<?xml version="1.0" encoding="UTF-8" standalone="yes"?>
<addon id="plugin.video.p2psport"
	name="P2P Sport"
	version="0.1.3"
	provider-name="natko1412">
  <requires>
    <import addon="xbmc.python" version="2.1.0"/>
    <import addon="script.module.addon.common" version="2.0.0" />
    <import addon="script.module.requests" />
    <import addon="script.module.beautifulsoup" version="3.2.1"/>
    <import addon="script.module.mechanize" version="0.2.6"/>

    
    
  </requires>
  <extension point="xbmc.python.pluginsource" library="default.py">
    <provides>video</provides>
  </extension>
  <extension point="xbmc.addon.metadata">
    <summary>Watch p2p sports in Kodi</summary>
    
    <platform>all</platform>
    <forum>forums.tvaddons.ag</forum>
    
  </extension>
</addon>
