﻿<?xml version="1.0" encoding="UTF-8" standalone="yes"?>
<addon id="plugin.video.smytvshow"
    name="sMyTv Show"
    version="2.0.0"
    provider-name="sMystero">
  <requires>
    <import addon="xbmc.python" version="2.1.0"/>
    <import addon="script.module.trakt" version="2.1.1~beta"/>
    <import addon="script.module.myconnpy" version="1.1.7"/>
  </requires>
  <extension point="xbmc.python.pluginsource" library="default.py">
    <provides>video</provides>
  </extension>
  <extension point="xbmc.addon.metadata">
    <summary lang="it">Le serie tv in italiano</summary>
    <description lang="it">Una libreria di serie tv in italiano recuperate dai siti web.</description>
    <summary lang="en">Italian TV Shows</summary>
    <description lang="en">Italian tv shows grabbed from web sites.</description>
    <platform>all</platform>
  </extension>
</addon>
