<?xml version="1.0" encoding="UTF-8"?>
    <addon id="repository.Wetek_XorioN_Ozkaradag" name="Wetek_Xor Addons" version="1.0.0" provider-name="XorioN_OzKaradag">
        <requires>
            <import addon="xbmc.addon" version="12.0.0"/>
        </requires>
        <extension point="xbmc.addon.repository" name="Wetek_Xor Addons">
            <info compressed="false">https://github.com/wetek/RepoWetek/raw/master/addons/addons.xml</info>
            <checksum>https://github.com/wetek/RepoWetek/raw/master/addons/addons.xml.md5</checksum>
            <datadir zip="true">https://github.com/wetek/RepoWetek/raw/master/addons/</datadir>
            <hashes>false</hashes>
        </extension>
        <extension point="xbmc.addon.metadata">
            <summary>WeTek Kodi Eklentileri</summary>
            <description>Wetek icin bircok eklentiyi bir arada bulabilirsiniz.</description>
            <platform>all</platform>
    </extension>
</addon>