<?xml version="1.0" encoding="UTF-8" standalone="yes"?>
	<addon id="script.aeonmq6.extrapack" name="Aeon MQ 6 extrapack" version="1.0.6" provider-name="ronie">
	<requires>
		<import addon="xbmc.python" version="2.14.0"/>
		<import addon="script.module.simplejson" version="3.3.0"/>
	</requires>
	<extension point="xbmc.python.script" library="default.py">
		<provides>executable</provides>
	</extension>
	<extension point="xbmc.addon.metadata">
		<language/>
		<summary lang="en">Aeon MQ 6 extrapack</summary>
		<summary lang="pt_BR">Aeon MQ 6 extrapack</summary>
		<description lang="en">Downloads extras for skin Aeon MQ 6</description>
		<description lang="pt_BR">Pacote extra para a skin Aeon MQ 6</description>
		<platform>all</platform>
	</extension>
</addon>
